type,dateCreated,username,givenName,description,location,id,follows,friends,tweets
,,,,,,,,,
,,,,,,,,,
,,,,,,,,,
ProfilePage,2021-02-02T17:34:13.000Z,_highestplus,H I G H E S T‚ûï,,"Madrid, Spain",1356657012348776454,17656,8439,9325
ProfilePage,2021-11-15T05:33:28.000Z,imparkerburton,Parker Burton,That Android Guy on TikTok,,1460118658626293761,3507,112,655
ProfilePage,2021-11-15T05:33:28.000Z,imparkerburton,Parker Burton,That Android Guy on TikTok,,1460118658626293761,3507,112,655
ProfilePage,2021-09-20T21:59:59.000Z,TrillionaireJoe,Prophet of Prosperity üëë,"To register for my Mastermind, click here https://t.co/aUMQ13yXTa

If you want to get my Course preorder, click on the link below üëáüèª","Dubai, United Arab Emirates",1440073179901272070,2745,223,3796
ProfilePage,2021-09-20T21:59:59.000Z,TrillionaireJoe,Prophet of Prosperity üëë,"To register for my Mastermind, click here https://t.co/aUMQ13yXTa

If you want to get my Course preorder, click on the link below üëáüèª","Dubai, United Arab Emirates",1440073179901272070,2745,223,3796
ProfilePage,2022-11-10T11:59:57.000Z,pwinsrawr,Pwins,,Calabarzon,1590675559071170561,2,4,250
ProfilePage,2009-09-19T00:46:21.000Z,thecomputerclan,Computer ClanüìåMarch 9,"If you like tech, you‚Äôve come to the right place! | Follow for more tech fun! | DMs open for episode-related messages. | Thank you for 400K+ subscribers!",NEXT EPISODE: March 9,75431393,16672,85,17999
ProfilePage,2009-09-19T00:46:21.000Z,thecomputerclan,Computer ClanüìåMarch 9,"If you like tech, you‚Äôve come to the right place! | Follow for more tech fun! | DMs open for episode-related messages. | Thank you for 400K+ subscribers!",NEXT EPISODE: March 9,75431393,16672,85,17999
ProfilePage,2009-09-19T00:46:21.000Z,thecomputerclan,Computer ClanüìåMarch 9,"If you like tech, you‚Äôve come to the right place! | Follow for more tech fun! | DMs open for episode-related messages. | Thank you for 400K+ subscribers!",NEXT EPISODE: March 9,75431393,16672,85,17999
ProfilePage,2009-09-19T00:46:21.000Z,thecomputerclan,Computer ClanüìåMarch 9,"If you like tech, you‚Äôve come to the right place! | Follow for more tech fun! | DMs open for episode-related messages. | Thank you for 400K+ subscribers!",NEXT EPISODE: March 9,75431393,16672,85,17999
ProfilePage,2011-08-30T17:51:51.000Z,PengPhones,íÜú PENG STORE Ô£ø,SINCE 2011 | NO 1 TRUSTED & BEST ONLINE/OFFLINE PHONE STORE üïä Owner : @pengpappi_xo | IG:Pengphones | üîë WhatsApp https://t.co/bs1mwBILx4,"Kaduna, Nigeria",364993853,24639,18939,22149
ProfilePage,2021-02-23T06:35:05.000Z,DonMiami3,Don Johnson,An Internet Enigma | Inspiring People Daily | Macro Commentary | Common Sense Advocate *parody,,1364101401530437632,7412,450,30159
ProfilePage,2010-03-04T19:35:08.000Z,CBSSunday,CBS Sunday Morning üåû,"The award-winning morning news program, hosted by Jane Pauley.","Manhattan, NY",119829799,266412,449,33841
ProfilePage,2010-03-04T19:35:08.000Z,CBSSunday,CBS Sunday Morning üåû,"The award-winning morning news program, hosted by Jane Pauley.","Manhattan, NY",119829799,266412,449,33841
ProfilePage,2008-08-22T13:06:35.000Z,9to5mac,9to5Mac,We break Apple news. Have a tip for us? Send it to tips@9to5mac.com,"Cupertino, CA",15944436,844443,41,84511
ProfilePage,2008-08-22T13:06:35.000Z,9to5mac,9to5Mac,We break Apple news. Have a tip for us? Send it to tips@9to5mac.com,"Cupertino, CA",15944436,844443,41,84511
ProfilePage,2012-07-16T14:09:00.000Z,patrikstrausz,Patrik Strausz,exec @paniqroom,"Los Angeles, CA",637079100,91,215,310
ProfilePage,2012-07-16T14:09:00.000Z,patrikstrausz,Patrik Strausz,exec @paniqroom,"Los Angeles, CA",637079100,91,215,310
ProfilePage,2022-10-31T17:26:15.000Z,Zypherlibra,Zypher,Mostly plays COD and loves dragon ball,,1587133807651586048,37,268,1144
ProfilePage,2019-08-06T07:29:32.000Z,HERD_Elephants,HERD,Hoedspruit Elephant Rehabilitation and Development (HERD) - South Africa‚Äôs first dedicated Elephant Orphanage üêò 501(c)(3) Charity & South African PBO,South Africa,1158641239287324672,6330,816,4654
ProfilePage,2019-08-06T07:29:32.000Z,HERD_Elephants,HERD,Hoedspruit Elephant Rehabilitation and Development (HERD) - South Africa‚Äôs first dedicated Elephant Orphanage üêò 501(c)(3) Charity & South African PBO,South Africa,1158641239287324672,6330,816,4654
ProfilePage,2014-03-13T15:08:21.000Z,jojoaintsad,ü•ù,ig; by.jnshjhn,,2387188550,414,325,11571
ProfilePage,2014-03-13T15:08:21.000Z,jojoaintsad,ü•ù,ig; by.jnshjhn,,2387188550,414,325,11571
ProfilePage,2022-06-01T17:44:52.000Z,theapplecycle,Apple Cycle,"Covering the latest Apple news & rumors. Creating custom wallpapers & icons. More than 4,000 followers on IG.","Paris, France",1532055471112216576,395,35,749
ProfilePage,2021-07-23T03:22:41.000Z,BoomerRube,Credulous Boomer Rube,"""People are tired of incompetence being protected by diversity.""
                                                                                  Greg  Gutfeld",,1418411092070514690,2032,3593,12009
ProfilePage,2021-07-23T03:22:41.000Z,BoomerRube,Credulous Boomer Rube,"""People are tired of incompetence being protected by diversity.""
                                                                                  Greg  Gutfeld",,1418411092070514690,2032,3593,12009
ProfilePage,2021-07-23T03:22:41.000Z,BoomerRube,Credulous Boomer Rube,"""People are tired of incompetence being protected by diversity.""
                                                                                  Greg  Gutfeld",,1418411092070514690,2032,3593,12009
ProfilePage,2016-01-29T21:45:51.000Z,ShalyneNdungu,Shalyne Ndungu üá∞üá™,Creative Director @sidaiolorok | Artist | Muse | Self-improvement |,"Nairobi, Kenya.",4861626219,867,926,1643
ProfilePage,2015-05-31T01:42:32.000Z,jayy251_,jayyü•∑üèæüÄÑÔ∏è,"Psalms 91 | focus on ya finances, not my pageüñïüèæhttps://t.co/2sd9Lo1Xw1","Mobile, AL",3304258481,408,368,7910
ProfilePage,2021-10-14T22:51:14.000Z,t_stonier,t_stonier,Black Lives Matter‚úäüèΩ‚úäüèæ‚úäüèø @netflix @circlenetflix S5‚≠ïÔ∏è Cannabis enthusiast üí®üçÉ‚ú® Homo afüè≥Ô∏è‚Äçüåà‚ôåÔ∏è Cali raisedüå¥Vegas livin'üçæ,"Las Vegas, NV",1448783375989239817,1661,116,3478
ProfilePage,2021-10-14T22:51:14.000Z,t_stonier,t_stonier,Black Lives Matter‚úäüèΩ‚úäüèæ‚úäüèø @netflix @circlenetflix S5‚≠ïÔ∏è Cannabis enthusiast üí®üçÉ‚ú® Homo afüè≥Ô∏è‚Äçüåà‚ôåÔ∏è Cali raisedüå¥Vegas livin'üçæ,"Las Vegas, NV",1448783375989239817,1661,116,3478
ProfilePage,2021-10-14T22:51:14.000Z,t_stonier,t_stonier,Black Lives Matter‚úäüèΩ‚úäüèæ‚úäüèø @netflix @circlenetflix S5‚≠ïÔ∏è Cannabis enthusiast üí®üçÉ‚ú® Homo afüè≥Ô∏è‚Äçüåà‚ôåÔ∏è Cali raisedüå¥Vegas livin'üçæ,"Las Vegas, NV",1448783375989239817,1661,116,3478
ProfilePage,2016-12-15T18:15:29.000Z,MajinBuOfficial,Majin Bu,‚úçÔ∏èCreator üîçResearcher üèûÔ∏èTraveler üì∏Photographer ü§∏‚Äç‚ôÇÔ∏èüèãÔ∏è‚Äç‚ôÇÔ∏èüöµ‚Äç‚ôÄÔ∏èüèÉ‚Äç‚ôÇÔ∏èGym üçïFood üë®‚ÄçüíªApple,The World,809461895161790464,18068,620,3971
ProfilePage,2015-09-02T22:53:08.000Z,xeetechcare,Zaryab Khan,I make tech videos on YouTube. https://t.co/kJYApjPKwG‚Ä¶,,3527785821,73550,647,2839
ProfilePage,2015-09-02T22:53:08.000Z,xeetechcare,Zaryab Khan,I make tech videos on YouTube. https://t.co/kJYApjPKwG‚Ä¶,,3527785821,73550,647,2839
ProfilePage,2015-09-02T22:53:08.000Z,xeetechcare,Zaryab Khan,I make tech videos on YouTube. https://t.co/kJYApjPKwG‚Ä¶,,3527785821,73550,647,2839
ProfilePage,2021-11-26T21:13:41.000Z,muvarussia98,¬£,#21,,1464341537798643713,311,220,52013
ProfilePage,2021-05-09T17:54:25.000Z,JrAnthlex,Edris Anthlex JrüçÅ,"Am a cute dude with a cool attitude | loves technology |

 Edris4nPlug 

Manchester United  fan 

Ugandan üá∫üá¨","Kampala, Uganda",1391451432134578177,5944,3835,22667
ProfilePage,2021-05-09T17:54:25.000Z,JrAnthlex,Edris Anthlex JrüçÅ,"Am a cute dude with a cool attitude | loves technology |

 Edris4nPlug 

Manchester United  fan 

Ugandan üá∫üá¨","Kampala, Uganda",1391451432134578177,5944,3835,22667
ProfilePage,2021-05-09T17:54:25.000Z,JrAnthlex,Edris Anthlex JrüçÅ,"Am a cute dude with a cool attitude | loves technology |

 Edris4nPlug 

Manchester United  fan 

Ugandan üá∫üá¨","Kampala, Uganda",1391451432134578177,5944,3835,22667
ProfilePage,2021-05-09T17:54:25.000Z,JrAnthlex,Edris Anthlex JrüçÅ,"Am a cute dude with a cool attitude | loves technology |

 Edris4nPlug 

Manchester United  fan 

Ugandan üá∫üá¨","Kampala, Uganda",1391451432134578177,5944,3835,22667
ProfilePage,2021-05-09T17:54:25.000Z,JrAnthlex,Edris Anthlex JrüçÅ,"Am a cute dude with a cool attitude | loves technology |

 Edris4nPlug 

Manchester United  fan 

Ugandan üá∫üá¨","Kampala, Uganda",1391451432134578177,5944,3835,22667
ProfilePage,2021-05-09T17:54:25.000Z,JrAnthlex,Edris Anthlex JrüçÅ,"Am a cute dude with a cool attitude | loves technology |

 Edris4nPlug 

Manchester United  fan 

Ugandan üá∫üá¨","Kampala, Uganda",1391451432134578177,5944,3835,22667
ProfilePage,2021-05-09T17:54:25.000Z,JrAnthlex,Edris Anthlex JrüçÅ,"Am a cute dude with a cool attitude | loves technology |

 Edris4nPlug 

Manchester United  fan 

Ugandan üá∫üá¨","Kampala, Uganda",1391451432134578177,5944,3835,22667
ProfilePage,2020-01-28T08:24:36.000Z,WJS_Nyangulu,"Wongani Nyangulu MBBS, MSc","Medical doctor & Epidemiologist. Research Site Lead: Mangochi. Early career researcher interested in malaria, NTDs, NCDs. DTMH @UofGlasgow. Views are my own!",Malawi,1222072851135594496,4730,4020,7305
ProfilePage,2020-01-28T08:24:36.000Z,WJS_Nyangulu,"Wongani Nyangulu MBBS, MSc","Medical doctor & Epidemiologist. Research Site Lead: Mangochi. Early career researcher interested in malaria, NTDs, NCDs. DTMH @UofGlasgow. Views are my own!",Malawi,1222072851135594496,4730,4020,7305
ProfilePage,2010-04-21T17:20:21.000Z,jeffreyihrke,JeffreyRIhrke,I love classic cars watching movies and tv shows listening to music and watching all kinds of racing and also a gamer.,United States of America ,135565930,60107,2635,49149
ProfilePage,2019-02-23T13:07:08.000Z,dabz_global,Dabz Global |ABUJA |Phone|Laptop|Accessories,"Sales of phone (iPhones,Samsung), Laptop (MacBook,Hp,Dell) & Accessories (speakers, airPods) We SwapüîÄ. Dm/call/whatsapp 08076709313/09078333831 to get started!",Suite C3 New banex plaza Abuja,1099294588693635078,33349,4008,10443
ProfilePage,2019-02-23T13:07:08.000Z,dabz_global,Dabz Global |ABUJA |Phone|Laptop|Accessories,"Sales of phone (iPhones,Samsung), Laptop (MacBook,Hp,Dell) & Accessories (speakers, airPods) We SwapüîÄ. Dm/call/whatsapp 08076709313/09078333831 to get started!",Suite C3 New banex plaza Abuja,1099294588693635078,33349,4008,10443
ProfilePage,2020-11-09T10:29:26.000Z,orth0girl,Süéß,I like to lift weights and do pilates | vent acc ‚ô° wellness enthusiast,tw ed. 21yo. She/her,1325747224240861184,2452,352,9691
ProfilePage,2020-11-09T10:29:26.000Z,orth0girl,Süéß,I like to lift weights and do pilates | vent acc ‚ô° wellness enthusiast,tw ed. 21yo. She/her,1325747224240861184,2452,352,9691
ProfilePage,2008-06-03T00:33:26.000Z,rsgnl,Joe Rossignol,Tweets about Apple Ô£ø. Senior Reporter @MacRumors.,Canada,14987180,26727,1503,19186
ProfilePage,2008-06-03T00:33:26.000Z,rsgnl,Joe Rossignol,Tweets about Apple Ô£ø. Senior Reporter @MacRumors.,Canada,14987180,26727,1503,19186
ProfilePage,2008-06-03T00:33:26.000Z,rsgnl,Joe Rossignol,Tweets about Apple Ô£ø. Senior Reporter @MacRumors.,Canada,14987180,26727,1503,19186
ProfilePage,2019-02-23T13:07:08.000Z,dabz_global,Dabz Global |ABUJA |Phone|Laptop|Accessories,"Sales of phone (iPhones,Samsung), Laptop (MacBook,Hp,Dell) & Accessories (speakers, airPods) We SwapüîÄ. Dm/call/whatsapp 08076709313/09078333831 to get started!",Suite C3 New banex plaza Abuja,1099294588693635078,33349,4008,10443
ProfilePage,2019-02-23T13:07:08.000Z,dabz_global,Dabz Global |ABUJA |Phone|Laptop|Accessories,"Sales of phone (iPhones,Samsung), Laptop (MacBook,Hp,Dell) & Accessories (speakers, airPods) We SwapüîÄ. Dm/call/whatsapp 08076709313/09078333831 to get started!",Suite C3 New banex plaza Abuja,1099294588693635078,33349,4008,10443
ProfilePage,2019-11-14T10:11:40.000Z,Jomilojju,JJ,PB&L Support | QC&A | Foreign Edu & Immigration | FX&Crypto | Head - @goabroad9ja @usenaira @ngProCharity @VendorsPRO @TheOyinloyeORG | #iAskJJ #ProjectsCharity,üá≥üá¨ | üá¨üáß | 0x@motirola.co,1194920764220329984,8592,4474,58669
ProfilePage,2008-06-03T00:33:26.000Z,rsgnl,Joe Rossignol,Tweets about Apple Ô£ø. Senior Reporter @MacRumors.,Canada,14987180,26727,1503,19186
ProfilePage,2008-06-03T00:33:26.000Z,rsgnl,Joe Rossignol,Tweets about Apple Ô£ø. Senior Reporter @MacRumors.,Canada,14987180,26727,1503,19186
ProfilePage,2008-06-03T00:33:26.000Z,rsgnl,Joe Rossignol,Tweets about Apple Ô£ø. Senior Reporter @MacRumors.,Canada,14987180,26727,1503,19186
ProfilePage,2017-02-12T08:28:29.000Z,UniverseIce,Ice universe,Beauty comes first,,830695053118943232,435951,273,7806
ProfilePage,2017-02-12T08:28:29.000Z,UniverseIce,Ice universe,Beauty comes first,,830695053118943232,435951,273,7806
ProfilePage,2017-02-12T08:28:29.000Z,UniverseIce,Ice universe,Beauty comes first,,830695053118943232,435951,273,7806
ProfilePage,2017-02-12T08:28:29.000Z,UniverseIce,Ice universe,Beauty comes first,,830695053118943232,435951,273,7806
ProfilePage,2023-01-31T01:22:12.000Z,VinizinXited,vinizin xited,,,1620230811021631489,0,1,12
ProfilePage,2023-01-31T01:22:12.000Z,VinizinXited,vinizin xited,,,1620230811021631489,0,1,12
ProfilePage,2022-12-01T14:43:35.000Z,casexy_com,Casexy,We make most personalized cases for your devices. #casexy,United States,1598326897435443201,6,12,14
ProfilePage,2022-12-01T14:43:35.000Z,casexy_com,Casexy,We make most personalized cases for your devices. #casexy,United States,1598326897435443201,6,12,14
ProfilePage,2012-09-16T17:42:07.000Z,khakisarnews,Aftab baloch,This is news channel will share latest news,mut shahwani trible area ,827475631,1384,834,44661
ProfilePage,2012-09-16T17:42:07.000Z,khakisarnews,Aftab baloch,This is news channel will share latest news,mut shahwani trible area ,827475631,1384,834,44661
ProfilePage,2012-09-16T17:42:07.000Z,khakisarnews,Aftab baloch,This is news channel will share latest news,mut shahwani trible area ,827475631,1384,834,44661
ProfilePage,2012-09-16T17:42:07.000Z,khakisarnews,Aftab baloch,This is news channel will share latest news,mut shahwani trible area ,827475631,1384,834,44661
ProfilePage,2012-09-16T17:42:07.000Z,khakisarnews,Aftab baloch,This is news channel will share latest news,mut shahwani trible area ,827475631,1384,834,44661
ProfilePage,2021-02-05T05:57:28.000Z,DrJStorm,Dr. Storm,Global Head IT Infrastructure Mercedes-Benz Mobility - 400.000 follower on LinkedIn,"Stuttgart, Deutschland",1357568948976369664,59,42,1030
ProfilePage,2021-02-05T05:57:28.000Z,DrJStorm,Dr. Storm,Global Head IT Infrastructure Mercedes-Benz Mobility - 400.000 follower on LinkedIn,"Stuttgart, Deutschland",1357568948976369664,59,42,1030
ProfilePage,2021-02-05T05:57:28.000Z,DrJStorm,Dr. Storm,Global Head IT Infrastructure Mercedes-Benz Mobility - 400.000 follower on LinkedIn,"Stuttgart, Deutschland",1357568948976369664,59,42,1030
ProfilePage,2022-10-08T20:39:31.000Z,cxy_exe,akaDJ üêà‚Äç‚¨õMEOWMEOWSüêà‚Äç‚¨õ,Artist | Craftsperson | Writer | Digital Marketer | Self-Employed | Entrepreneur |‚úåüèºüíüü§òüèº| üòåüôèüèºüåàüçÄ‚ù§Ô∏è,"New Orleans, LA",1578847477691826176,84,364,845
ProfilePage,2022-10-08T20:39:31.000Z,cxy_exe,akaDJ üêà‚Äç‚¨õMEOWMEOWSüêà‚Äç‚¨õ,Artist | Craftsperson | Writer | Digital Marketer | Self-Employed | Entrepreneur |‚úåüèºüíüü§òüèº| üòåüôèüèºüåàüçÄ‚ù§Ô∏è,"New Orleans, LA",1578847477691826176,84,364,845
ProfilePage,2022-06-08T18:07:16.000Z,durreadan01,Adan,"Software engineer, freelance content marketer, blogger, & team leader. I love playing with tech, hitting the gym, photography, & traveling. From Pakistan. üáµüá∞",Pakistan,1534597824414982145,1252,255,9264
ProfilePage,2022-06-08T18:07:16.000Z,durreadan01,Adan,"Software engineer, freelance content marketer, blogger, & team leader. I love playing with tech, hitting the gym, photography, & traveling. From Pakistan. üáµüá∞",Pakistan,1534597824414982145,1252,255,9264
ProfilePage,2022-10-04T10:05:18.000Z,trndtech360,Trend Tech,Connecting people and Technology,,1577238362632892418,1,0,26
ProfilePage,2022-10-04T10:05:18.000Z,trndtech360,Trend Tech,Connecting people and Technology,,1577238362632892418,1,0,26
ProfilePage,2011-03-14T13:42:05.000Z,Manekinari,Manekinari,26 | Artist | Vienna,Vienna,266000847,259,265,1492
ProfilePage,2022-12-30T23:22:13.000Z,HappyCow2337,HappyCow,"if you want something to change, you need to change something",,1608966640871391235,93,258,923
ProfilePage,2020-09-26T17:45:02.000Z,EricMarioneaux,Eric Marioneaux Art - Next Level Abstracts.,"I am a  modern day Abstract and Nature Artist. As an Abstract Artist, I like to offer beautiful shapes, colors, and patterns, that inspire emotion.",Groves Texas.,1309911797873475587,59,99,5323
ProfilePage,2020-09-26T17:45:02.000Z,EricMarioneaux,Eric Marioneaux Art - Next Level Abstracts.,"I am a  modern day Abstract and Nature Artist. As an Abstract Artist, I like to offer beautiful shapes, colors, and patterns, that inspire emotion.",Groves Texas.,1309911797873475587,59,99,5323
ProfilePage,2020-09-26T17:45:02.000Z,EricMarioneaux,Eric Marioneaux Art - Next Level Abstracts.,"I am a  modern day Abstract and Nature Artist. As an Abstract Artist, I like to offer beautiful shapes, colors, and patterns, that inspire emotion.",Groves Texas.,1309911797873475587,59,99,5323
ProfilePage,2020-09-26T17:45:02.000Z,EricMarioneaux,Eric Marioneaux Art - Next Level Abstracts.,"I am a  modern day Abstract and Nature Artist. As an Abstract Artist, I like to offer beautiful shapes, colors, and patterns, that inspire emotion.",Groves Texas.,1309911797873475587,59,99,5323
ProfilePage,2020-09-26T17:45:02.000Z,EricMarioneaux,Eric Marioneaux Art - Next Level Abstracts.,"I am a  modern day Abstract and Nature Artist. As an Abstract Artist, I like to offer beautiful shapes, colors, and patterns, that inspire emotion.",Groves Texas.,1309911797873475587,59,99,5323
ProfilePage,2011-02-17T18:45:12.000Z,MusadaqZ,Musadaq Zulqarnain,"Love my homeland.. A well travelled concerned citizen who wants to see Pakistan as a moderate, tolerant & pluralistic country Retweets may/maynot b endorsements","Lyallpur (Fsd), Pakistan",253672382,18923,772,47465
ProfilePage,2011-02-17T18:45:12.000Z,MusadaqZ,Musadaq Zulqarnain,"Love my homeland.. A well travelled concerned citizen who wants to see Pakistan as a moderate, tolerant & pluralistic country Retweets may/maynot b endorsements","Lyallpur (Fsd), Pakistan",253672382,18923,772,47465
ProfilePage,2011-02-17T18:45:12.000Z,MusadaqZ,Musadaq Zulqarnain,"Love my homeland.. A well travelled concerned citizen who wants to see Pakistan as a moderate, tolerant & pluralistic country Retweets may/maynot b endorsements","Lyallpur (Fsd), Pakistan",253672382,18923,772,47465
ProfilePage,2011-02-17T18:45:12.000Z,MusadaqZ,Musadaq Zulqarnain,"Love my homeland.. A well travelled concerned citizen who wants to see Pakistan as a moderate, tolerant & pluralistic country Retweets may/maynot b endorsements","Lyallpur (Fsd), Pakistan",253672382,18923,772,47465
ProfilePage,2023-02-25T02:51:53.000Z,Jennifer_karoli,Jennifer,,,1629313102075379712,0,5,1
ProfilePage,2023-02-25T02:51:53.000Z,Jennifer_karoli,Jennifer,,,1629313102075379712,0,5,1
ProfilePage,2013-05-09T05:36:42.000Z,everyEarthquake,Every Earthquake,Tweeting every earthquake occurrence reported by USGS.  Built and maintained by David Barkman aka @cybler.,Earth,1414684496,30525,1,792704
ProfilePage,2022-11-20T17:35:12.000Z,DEENEWS_IN,DEE NEWS,"Find all latest news and top breaking news from India and World. today news headlines, politics, , technology, entertainment, business in Deenews",,1594383798766292994,50,5,26624
ProfilePage,2022-11-20T17:35:12.000Z,DEENEWS_IN,DEE NEWS,"Find all latest news and top breaking news from India and World. today news headlines, politics, , technology, entertainment, business in Deenews",,1594383798766292994,50,5,26624
ProfilePage,2022-11-20T17:35:12.000Z,DEENEWS_IN,DEE NEWS,"Find all latest news and top breaking news from India and World. today news headlines, politics, , technology, entertainment, business in Deenews",,1594383798766292994,50,5,26624
ProfilePage,2022-11-20T17:35:12.000Z,DEENEWS_IN,DEE NEWS,"Find all latest news and top breaking news from India and World. today news headlines, politics, , technology, entertainment, business in Deenews",,1594383798766292994,50,5,26624
ProfilePage,2023-02-25T09:12:22.000Z,appfreevn,AppFreeVN,https://t.co/RqTailXPo4,US,1629408895323242496,1,95,29
ProfilePage,2023-02-25T09:12:22.000Z,appfreevn,AppFreeVN,https://t.co/RqTailXPo4,US,1629408895323242496,1,95,29
ProfilePage,2023-02-25T09:12:22.000Z,appfreevn,AppFreeVN,https://t.co/RqTailXPo4,US,1629408895323242496,1,95,29
ProfilePage,2023-02-25T09:12:22.000Z,appfreevn,AppFreeVN,https://t.co/RqTailXPo4,US,1629408895323242496,1,95,29
ProfilePage,2023-02-25T09:12:22.000Z,appfreevn,AppFreeVN,https://t.co/RqTailXPo4,US,1629408895323242496,1,95,29
ProfilePage,2023-02-25T09:12:22.000Z,appfreevn,AppFreeVN,https://t.co/RqTailXPo4,US,1629408895323242496,1,95,29
ProfilePage,2023-02-25T09:12:22.000Z,appfreevn,AppFreeVN,https://t.co/RqTailXPo4,US,1629408895323242496,1,95,29
ProfilePage,2023-02-06T02:31:14.000Z,deepak8976541,deepak897654,,,1622422587392368640,1,7,5523
ProfilePage,2023-02-06T02:31:14.000Z,deepak8976541,deepak897654,,,1622422587392368640,1,7,5523
ProfilePage,2022-12-03T11:32:52.000Z,hardik97494342,hardik,social,,1599003652169281537,19,18,40300
ProfilePage,2022-12-03T11:32:52.000Z,hardik97494342,hardik,social,,1599003652169281537,19,18,40300
ProfilePage,2022-12-03T11:32:52.000Z,hardik97494342,hardik,social,,1599003652169281537,19,18,40300
ProfilePage,2022-12-03T11:32:52.000Z,hardik97494342,hardik,social,,1599003652169281537,19,18,40300
ProfilePage,2022-12-03T11:32:52.000Z,hardik97494342,hardik,social,,1599003652169281537,19,18,40300
ProfilePage,2023-01-23T10:09:38.000Z,littlekidgame,Little Kid Game,"Bringing you the best in educational mobile games for kids! Curated by parents, recommended by educators. #littlekidgame #edugames.(Some may be sponsored)",,1617464292248326151,408,3003,337
ProfilePage,2023-01-23T10:09:38.000Z,littlekidgame,Little Kid Game,"Bringing you the best in educational mobile games for kids! Curated by parents, recommended by educators. #littlekidgame #edugames.(Some may be sponsored)",,1617464292248326151,408,3003,337
ProfilePage,2023-01-23T10:09:38.000Z,littlekidgame,Little Kid Game,"Bringing you the best in educational mobile games for kids! Curated by parents, recommended by educators. #littlekidgame #edugames.(Some may be sponsored)",,1617464292248326151,408,3003,337
ProfilePage,2023-01-23T10:09:38.000Z,littlekidgame,Little Kid Game,"Bringing you the best in educational mobile games for kids! Curated by parents, recommended by educators. #littlekidgame #edugames.(Some may be sponsored)",,1617464292248326151,408,3003,337
ProfilePage,2023-01-23T10:09:38.000Z,littlekidgame,Little Kid Game,"Bringing you the best in educational mobile games for kids! Curated by parents, recommended by educators. #littlekidgame #edugames.(Some may be sponsored)",,1617464292248326151,408,3003,337
ProfilePage,2023-01-23T10:09:38.000Z,littlekidgame,Little Kid Game,"Bringing you the best in educational mobile games for kids! Curated by parents, recommended by educators. #littlekidgame #edugames.(Some may be sponsored)",,1617464292248326151,408,3003,337
ProfilePage,2023-01-23T10:09:38.000Z,littlekidgame,Little Kid Game,"Bringing you the best in educational mobile games for kids! Curated by parents, recommended by educators. #littlekidgame #edugames.(Some may be sponsored)",,1617464292248326151,408,3003,337
ProfilePage,2023-01-23T10:09:38.000Z,littlekidgame,Little Kid Game,"Bringing you the best in educational mobile games for kids! Curated by parents, recommended by educators. #littlekidgame #edugames.(Some may be sponsored)",,1617464292248326151,408,3003,337
ProfilePage,2023-01-23T10:09:38.000Z,littlekidgame,Little Kid Game,"Bringing you the best in educational mobile games for kids! Curated by parents, recommended by educators. #littlekidgame #edugames.(Some may be sponsored)",,1617464292248326151,408,3003,337
ProfilePage,2023-01-23T10:09:38.000Z,littlekidgame,Little Kid Game,"Bringing you the best in educational mobile games for kids! Curated by parents, recommended by educators. #littlekidgame #edugames.(Some may be sponsored)",,1617464292248326151,408,3003,337
ProfilePage,2023-01-23T10:09:38.000Z,littlekidgame,Little Kid Game,"Bringing you the best in educational mobile games for kids! Curated by parents, recommended by educators. #littlekidgame #edugames.(Some may be sponsored)",,1617464292248326151,408,3003,337
ProfilePage,2023-01-23T10:09:38.000Z,littlekidgame,Little Kid Game,"Bringing you the best in educational mobile games for kids! Curated by parents, recommended by educators. #littlekidgame #edugames.(Some may be sponsored)",,1617464292248326151,408,3003,337
ProfilePage,2023-01-23T10:09:38.000Z,littlekidgame,Little Kid Game,"Bringing you the best in educational mobile games for kids! Curated by parents, recommended by educators. #littlekidgame #edugames.(Some may be sponsored)",,1617464292248326151,408,3003,337
ProfilePage,2023-01-23T10:09:38.000Z,littlekidgame,Little Kid Game,"Bringing you the best in educational mobile games for kids! Curated by parents, recommended by educators. #littlekidgame #edugames.(Some may be sponsored)",,1617464292248326151,408,3003,337
ProfilePage,2023-01-23T10:09:38.000Z,littlekidgame,Little Kid Game,"Bringing you the best in educational mobile games for kids! Curated by parents, recommended by educators. #littlekidgame #edugames.(Some may be sponsored)",,1617464292248326151,408,3003,337
ProfilePage,2023-01-23T10:09:38.000Z,littlekidgame,Little Kid Game,"Bringing you the best in educational mobile games for kids! Curated by parents, recommended by educators. #littlekidgame #edugames.(Some may be sponsored)",,1617464292248326151,408,3003,337
ProfilePage,2023-01-23T10:09:38.000Z,littlekidgame,Little Kid Game,"Bringing you the best in educational mobile games for kids! Curated by parents, recommended by educators. #littlekidgame #edugames.(Some may be sponsored)",,1617464292248326151,408,3003,337
ProfilePage,2023-01-23T10:09:38.000Z,littlekidgame,Little Kid Game,"Bringing you the best in educational mobile games for kids! Curated by parents, recommended by educators. #littlekidgame #edugames.(Some may be sponsored)",,1617464292248326151,408,3003,337
ProfilePage,2023-01-23T10:09:38.000Z,littlekidgame,Little Kid Game,"Bringing you the best in educational mobile games for kids! Curated by parents, recommended by educators. #littlekidgame #edugames.(Some may be sponsored)",,1617464292248326151,408,3003,337
ProfilePage,2023-01-23T10:09:38.000Z,littlekidgame,Little Kid Game,"Bringing you the best in educational mobile games for kids! Curated by parents, recommended by educators. #littlekidgame #edugames.(Some may be sponsored)",,1617464292248326151,408,3003,337
ProfilePage,2023-01-23T10:09:38.000Z,littlekidgame,Little Kid Game,"Bringing you the best in educational mobile games for kids! Curated by parents, recommended by educators. #littlekidgame #edugames.(Some may be sponsored)",,1617464292248326151,408,3003,337
ProfilePage,2022-09-25T21:30:50.000Z,embedded_house,Embedded House,"Embedded House is an automated news aggregator where you can find all data related to #embedded #systems , #security , #IoT and #electronics collected here.",,1574149382416515074,268,49,40102
ProfilePage,2022-09-25T21:30:50.000Z,embedded_house,Embedded House,"Embedded House is an automated news aggregator where you can find all data related to #embedded #systems , #security , #IoT and #electronics collected here.",,1574149382416515074,268,49,40102
ProfilePage,2022-09-25T21:30:50.000Z,embedded_house,Embedded House,"Embedded House is an automated news aggregator where you can find all data related to #embedded #systems , #security , #IoT and #electronics collected here.",,1574149382416515074,268,49,40102
ProfilePage,2022-09-09T02:05:59.000Z,vipfixphone,phonefix-nicole,China PHONEFIX Shop Team is specialized in offering one-stop supply chain solution for your phone repair business!,Shenzhen ,1568058058315800576,155,1920,313
ProfilePage,2022-09-09T02:05:59.000Z,vipfixphone,phonefix-nicole,China PHONEFIX Shop Team is specialized in offering one-stop supply chain solution for your phone repair business!,Shenzhen ,1568058058315800576,155,1920,313
ProfilePage,2022-09-09T02:05:59.000Z,vipfixphone,phonefix-nicole,China PHONEFIX Shop Team is specialized in offering one-stop supply chain solution for your phone repair business!,Shenzhen ,1568058058315800576,155,1920,313
ProfilePage,2022-08-18T15:10:16.000Z,LouiseBEisenha2,Louise B Eisenhardt,,,1560282845385560064,29,230,24508
ProfilePage,2022-08-18T15:10:16.000Z,LouiseBEisenha2,Louise B Eisenhardt,,,1560282845385560064,29,230,24508
ProfilePage,2022-09-25T21:30:50.000Z,embedded_house,Embedded House,"Embedded House is an automated news aggregator where you can find all data related to #embedded #systems , #security , #IoT and #electronics collected here.",,1574149382416515074,268,49,40102
ProfilePage,2022-09-25T21:30:50.000Z,embedded_house,Embedded House,"Embedded House is an automated news aggregator where you can find all data related to #embedded #systems , #security , #IoT and #electronics collected here.",,1574149382416515074,268,49,40102
ProfilePage,2022-09-25T21:30:50.000Z,embedded_house,Embedded House,"Embedded House is an automated news aggregator where you can find all data related to #embedded #systems , #security , #IoT and #electronics collected here.",,1574149382416515074,268,49,40102
ProfilePage,2022-08-18T15:10:16.000Z,LouiseBEisenha2,Louise B Eisenhardt,,,1560282845385560064,29,230,24508
ProfilePage,2022-08-18T15:10:16.000Z,LouiseBEisenha2,Louise B Eisenhardt,,,1560282845385560064,29,230,24508
ProfilePage,2022-09-25T21:30:50.000Z,embedded_house,Embedded House,"Embedded House is an automated news aggregator where you can find all data related to #embedded #systems , #security , #IoT and #electronics collected here.",,1574149382416515074,268,49,40102
ProfilePage,2022-09-25T21:30:50.000Z,embedded_house,Embedded House,"Embedded House is an automated news aggregator where you can find all data related to #embedded #systems , #security , #IoT and #electronics collected here.",,1574149382416515074,268,49,40102
ProfilePage,2022-09-25T21:30:50.000Z,embedded_house,Embedded House,"Embedded House is an automated news aggregator where you can find all data related to #embedded #systems , #security , #IoT and #electronics collected here.",,1574149382416515074,268,49,40102
ProfilePage,2022-08-18T15:10:16.000Z,LouiseBEisenha2,Louise B Eisenhardt,,,1560282845385560064,29,230,24508
ProfilePage,2022-08-18T15:10:16.000Z,LouiseBEisenha2,Louise B Eisenhardt,,,1560282845385560064,29,230,24508
ProfilePage,2022-09-25T21:30:50.000Z,embedded_house,Embedded House,"Embedded House is an automated news aggregator where you can find all data related to #embedded #systems , #security , #IoT and #electronics collected here.",,1574149382416515074,268,49,40102
ProfilePage,2022-09-07T22:59:23.000Z,JpgpicsCom,JPG Pics,"News aggregator for Photography, Design and infographics News",,1567648707415363586,42,6,23731
ProfilePage,2022-08-18T15:10:16.000Z,LouiseBEisenha2,Louise B Eisenhardt,,,1560282845385560064,29,230,24508
ProfilePage,2019-09-09T18:38:33.000Z,SCPS_MD,Somerset County Public Schools,"Official Twitter account for Somerset County Public Schools
Third Party Content Policy: https://t.co/JttDasxa6F","Westover, MD",1171130735475847169,177,135,108
ProfilePage,2019-09-09T18:38:33.000Z,SCPS_MD,Somerset County Public Schools,"Official Twitter account for Somerset County Public Schools
Third Party Content Policy: https://t.co/JttDasxa6F","Westover, MD",1171130735475847169,177,135,108
ProfilePage,2022-09-25T21:30:50.000Z,embedded_house,Embedded House,"Embedded House is an automated news aggregator where you can find all data related to #embedded #systems , #security , #IoT and #electronics collected here.",,1574149382416515074,268,49,40102
ProfilePage,2022-09-07T22:59:23.000Z,JpgpicsCom,JPG Pics,"News aggregator for Photography, Design and infographics News",,1567648707415363586,42,6,23731
ProfilePage,2022-08-18T15:10:16.000Z,LouiseBEisenha2,Louise B Eisenhardt,,,1560282845385560064,29,230,24508
ProfilePage,2019-09-09T18:38:33.000Z,SCPS_MD,Somerset County Public Schools,"Official Twitter account for Somerset County Public Schools
Third Party Content Policy: https://t.co/JttDasxa6F","Westover, MD",1171130735475847169,177,135,108
ProfilePage,2019-09-09T18:38:33.000Z,SCPS_MD,Somerset County Public Schools,"Official Twitter account for Somerset County Public Schools
Third Party Content Policy: https://t.co/JttDasxa6F","Westover, MD",1171130735475847169,177,135,108
ProfilePage,2019-09-09T18:38:33.000Z,SCPS_MD,Somerset County Public Schools,"Official Twitter account for Somerset County Public Schools
Third Party Content Policy: https://t.co/JttDasxa6F","Westover, MD",1171130735475847169,177,135,108
ProfilePage,2019-09-09T18:38:33.000Z,SCPS_MD,Somerset County Public Schools,"Official Twitter account for Somerset County Public Schools
Third Party Content Policy: https://t.co/JttDasxa6F","Westover, MD",1171130735475847169,177,135,108
ProfilePage,2019-09-09T18:38:33.000Z,SCPS_MD,Somerset County Public Schools,"Official Twitter account for Somerset County Public Schools
Third Party Content Policy: https://t.co/JttDasxa6F","Westover, MD",1171130735475847169,177,135,108
ProfilePage,2019-09-09T18:38:33.000Z,SCPS_MD,Somerset County Public Schools,"Official Twitter account for Somerset County Public Schools
Third Party Content Policy: https://t.co/JttDasxa6F","Westover, MD",1171130735475847169,177,135,108
ProfilePage,2019-09-09T18:38:33.000Z,SCPS_MD,Somerset County Public Schools,"Official Twitter account for Somerset County Public Schools
Third Party Content Policy: https://t.co/JttDasxa6F","Westover, MD",1171130735475847169,177,135,108
ProfilePage,2019-09-09T18:38:33.000Z,SCPS_MD,Somerset County Public Schools,"Official Twitter account for Somerset County Public Schools
Third Party Content Policy: https://t.co/JttDasxa6F","Westover, MD",1171130735475847169,177,135,108
ProfilePage,2022-09-27T21:52:46.000Z,WyoKat262,Katherine Airisa,,,1574879650571878403,15,110,1446
ProfilePage,2019-09-03T18:32:29.000Z,techzineeu,Techzine Europe,"‚úàÔ∏è #Techzine covers the world of #technology
üïµÔ∏è‚Äç‚ôÇÔ∏è #IT #Cloud #Security #Data #Devops
üîçResearch & analyse #enterprise solutions
‚≠ê Learn more: https://t.co/8HYw418ykF",Netherlands,1168954887826227207,9322,1821,9587
ProfilePage,2022-09-07T22:59:23.000Z,JpgpicsCom,JPG Pics,"News aggregator for Photography, Design and infographics News",,1567648707415363586,42,6,23731
ProfilePage,2022-12-30T09:31:20.000Z,NewsdailyTech,newsdaily tech,"Specializing in technology news, website making, virtual currency and best tech product.",United State,1608757567274258442,4,68,42
ProfilePage,2019-09-03T18:32:29.000Z,techzineeu,Techzine Europe,"‚úàÔ∏è #Techzine covers the world of #technology
üïµÔ∏è‚Äç‚ôÇÔ∏è #IT #Cloud #Security #Data #Devops
üîçResearch & analyse #enterprise solutions
‚≠ê Learn more: https://t.co/8HYw418ykF",Netherlands,1168954887826227207,9322,1821,9587
ProfilePage,2022-09-07T22:59:23.000Z,JpgpicsCom,JPG Pics,"News aggregator for Photography, Design and infographics News",,1567648707415363586,42,6,23731
ProfilePage,2022-12-30T09:31:20.000Z,NewsdailyTech,newsdaily tech,"Specializing in technology news, website making, virtual currency and best tech product.",United State,1608757567274258442,4,68,42
ProfilePage,2022-12-30T09:31:20.000Z,NewsdailyTech,newsdaily tech,"Specializing in technology news, website making, virtual currency and best tech product.",United State,1608757567274258442,4,68,42
ProfilePage,2022-09-27T21:52:46.000Z,WyoKat262,Katherine Airisa,,,1574879650571878403,15,110,1446
ProfilePage,2022-10-03T10:32:10.000Z,cx_scoop,CX Scoop,Get the latest scoop on B2B news and trends in #customerexperience. We talk about #contactcenter #crm #feedback #ai #automation #analytics #wfo and more!,,1576882290222825472,171,207,201
ProfilePage,2022-10-03T10:32:10.000Z,cx_scoop,CX Scoop,Get the latest scoop on B2B news and trends in #customerexperience. We talk about #contactcenter #crm #feedback #ai #automation #analytics #wfo and more!,,1576882290222825472,171,207,201
ProfilePage,2022-10-03T10:32:10.000Z,cx_scoop,CX Scoop,Get the latest scoop on B2B news and trends in #customerexperience. We talk about #contactcenter #crm #feedback #ai #automation #analytics #wfo and more!,,1576882290222825472,171,207,201
ProfilePage,2022-09-27T21:52:46.000Z,WyoKat262,Katherine Airisa,,,1574879650571878403,15,110,1446
ProfilePage,2022-10-03T10:32:10.000Z,cx_scoop,CX Scoop,Get the latest scoop on B2B news and trends in #customerexperience. We talk about #contactcenter #crm #feedback #ai #automation #analytics #wfo and more!,,1576882290222825472,171,207,201
ProfilePage,2022-10-03T10:32:10.000Z,cx_scoop,CX Scoop,Get the latest scoop on B2B news and trends in #customerexperience. We talk about #contactcenter #crm #feedback #ai #automation #analytics #wfo and more!,,1576882290222825472,171,207,201
ProfilePage,2022-10-27T02:25:00.000Z,schiller82utjb,Elsa.Schiller82UtJB,,,1585457460629979136,8,1,8297
ProfilePage,2022-10-27T02:25:00.000Z,schiller82utjb,Elsa.Schiller82UtJB,,,1585457460629979136,8,1,8297
ProfilePage,2022-09-27T21:52:46.000Z,WyoKat262,Katherine Airisa,,,1574879650571878403,15,110,1446
ProfilePage,2022-09-27T21:52:46.000Z,WyoKat262,Katherine Airisa,,,1574879650571878403,15,110,1446
ProfilePage,2022-10-27T02:25:00.000Z,schiller82utjb,Elsa.Schiller82UtJB,,,1585457460629979136,8,1,8297
ProfilePage,2022-10-27T02:25:00.000Z,schiller82utjb,Elsa.Schiller82UtJB,,,1585457460629979136,8,1,8297
ProfilePage,2022-09-27T21:52:46.000Z,WyoKat262,Katherine Airisa,,,1574879650571878403,15,110,1446
ProfilePage,2022-09-27T21:52:46.000Z,WyoKat262,Katherine Airisa,,,1574879650571878403,15,110,1446
ProfilePage,2022-09-27T21:52:46.000Z,WyoKat262,Katherine Airisa,,,1574879650571878403,15,110,1446
ProfilePage,2022-09-27T21:52:46.000Z,WyoKat262,Katherine Airisa,,,1574879650571878403,15,110,1446
ProfilePage,2022-09-27T21:52:46.000Z,WyoKat262,Katherine Airisa,,,1574879650571878403,15,110,1446
ProfilePage,2022-09-27T21:52:46.000Z,WyoKat262,Katherine Airisa,,,1574879650571878403,15,110,1446
ProfilePage,2022-09-27T21:52:46.000Z,WyoKat262,Katherine Airisa,,,1574879650571878403,15,110,1446
ProfilePage,2022-09-27T21:52:46.000Z,WyoKat262,Katherine Airisa,,,1574879650571878403,15,110,1446
ProfilePage,2022-09-27T21:52:46.000Z,WyoKat262,Katherine Airisa,,,1574879650571878403,15,110,1446
ProfilePage,2022-09-07T22:59:23.000Z,JpgpicsCom,JPG Pics,"News aggregator for Photography, Design and infographics News",,1567648707415363586,42,6,23731
ProfilePage,2022-09-07T22:59:23.000Z,JpgpicsCom,JPG Pics,"News aggregator for Photography, Design and infographics News",,1567648707415363586,42,6,23731
ProfilePage,2022-09-07T22:59:23.000Z,JpgpicsCom,JPG Pics,"News aggregator for Photography, Design and infographics News",,1567648707415363586,42,6,23731
ProfilePage,2022-09-07T22:59:23.000Z,JpgpicsCom,JPG Pics,"News aggregator for Photography, Design and infographics News",,1567648707415363586,42,6,23731
ProfilePage,2022-09-07T22:59:23.000Z,JpgpicsCom,JPG Pics,"News aggregator for Photography, Design and infographics News",,1567648707415363586,42,6,23731
ProfilePage,2022-09-07T22:59:23.000Z,JpgpicsCom,JPG Pics,"News aggregator for Photography, Design and infographics News",,1567648707415363586,42,6,23731
ProfilePage,2022-09-07T22:59:23.000Z,JpgpicsCom,JPG Pics,"News aggregator for Photography, Design and infographics News",,1567648707415363586,42,6,23731
ProfilePage,2022-09-07T22:59:23.000Z,JpgpicsCom,JPG Pics,"News aggregator for Photography, Design and infographics News",,1567648707415363586,42,6,23731
ProfilePage,2022-09-07T22:59:23.000Z,JpgpicsCom,JPG Pics,"News aggregator for Photography, Design and infographics News",,1567648707415363586,42,6,23731
ProfilePage,2022-09-07T22:59:23.000Z,JpgpicsCom,JPG Pics,"News aggregator for Photography, Design and infographics News",,1567648707415363586,42,6,23731
ProfilePage,2022-09-07T22:59:23.000Z,JpgpicsCom,JPG Pics,"News aggregator for Photography, Design and infographics News",,1567648707415363586,42,6,23731
ProfilePage,2022-09-07T22:59:23.000Z,JpgpicsCom,JPG Pics,"News aggregator for Photography, Design and infographics News",,1567648707415363586,42,6,23731
ProfilePage,2022-09-07T22:59:23.000Z,JpgpicsCom,JPG Pics,"News aggregator for Photography, Design and infographics News",,1567648707415363586,42,6,23731
ProfilePage,2022-09-07T22:59:23.000Z,JpgpicsCom,JPG Pics,"News aggregator for Photography, Design and infographics News",,1567648707415363586,42,6,23731
ProfilePage,2022-09-07T22:59:23.000Z,JpgpicsCom,JPG Pics,"News aggregator for Photography, Design and infographics News",,1567648707415363586,42,6,23731
ProfilePage,2022-09-07T22:59:23.000Z,JpgpicsCom,JPG Pics,"News aggregator for Photography, Design and infographics News",,1567648707415363586,42,6,23731
ProfilePage,2022-09-07T22:59:23.000Z,JpgpicsCom,JPG Pics,"News aggregator for Photography, Design and infographics News",,1567648707415363586,42,6,23731
ProfilePage,2022-09-07T22:59:23.000Z,JpgpicsCom,JPG Pics,"News aggregator for Photography, Design and infographics News",,1567648707415363586,42,6,23731
ProfilePage,2022-09-07T22:59:23.000Z,JpgpicsCom,JPG Pics,"News aggregator for Photography, Design and infographics News",,1567648707415363586,42,6,23731
ProfilePage,2022-09-07T22:59:23.000Z,JpgpicsCom,JPG Pics,"News aggregator for Photography, Design and infographics News",,1567648707415363586,42,6,23731
ProfilePage,2022-09-07T22:59:23.000Z,JpgpicsCom,JPG Pics,"News aggregator for Photography, Design and infographics News",,1567648707415363586,42,6,23731
ProfilePage,2022-09-07T22:59:23.000Z,JpgpicsCom,JPG Pics,"News aggregator for Photography, Design and infographics News",,1567648707415363586,42,6,23731
ProfilePage,2022-09-07T22:59:23.000Z,JpgpicsCom,JPG Pics,"News aggregator for Photography, Design and infographics News",,1567648707415363586,42,6,23731
ProfilePage,2022-09-07T22:59:23.000Z,JpgpicsCom,JPG Pics,"News aggregator for Photography, Design and infographics News",,1567648707415363586,42,6,23731
ProfilePage,2022-09-07T22:59:23.000Z,JpgpicsCom,JPG Pics,"News aggregator for Photography, Design and infographics News",,1567648707415363586,42,6,23731
ProfilePage,2022-09-07T22:59:23.000Z,JpgpicsCom,JPG Pics,"News aggregator for Photography, Design and infographics News",,1567648707415363586,42,6,23731
ProfilePage,2022-09-07T22:59:23.000Z,JpgpicsCom,JPG Pics,"News aggregator for Photography, Design and infographics News",,1567648707415363586,42,6,23731
ProfilePage,2022-09-07T22:59:23.000Z,JpgpicsCom,JPG Pics,"News aggregator for Photography, Design and infographics News",,1567648707415363586,42,6,23731
ProfilePage,2022-09-07T22:59:23.000Z,JpgpicsCom,JPG Pics,"News aggregator for Photography, Design and infographics News",,1567648707415363586,42,6,23731
ProfilePage,2022-09-07T22:59:23.000Z,JpgpicsCom,JPG Pics,"News aggregator for Photography, Design and infographics News",,1567648707415363586,42,6,23731
ProfilePage,2022-09-07T22:59:23.000Z,JpgpicsCom,JPG Pics,"News aggregator for Photography, Design and infographics News",,1567648707415363586,42,6,23731
ProfilePage,2022-09-07T22:59:23.000Z,JpgpicsCom,JPG Pics,"News aggregator for Photography, Design and infographics News",,1567648707415363586,42,6,23731
ProfilePage,2022-09-07T22:59:23.000Z,JpgpicsCom,JPG Pics,"News aggregator for Photography, Design and infographics News",,1567648707415363586,42,6,23731
ProfilePage,2022-09-07T22:59:23.000Z,JpgpicsCom,JPG Pics,"News aggregator for Photography, Design and infographics News",,1567648707415363586,42,6,23731
ProfilePage,2022-09-07T22:59:23.000Z,JpgpicsCom,JPG Pics,"News aggregator for Photography, Design and infographics News",,1567648707415363586,42,6,23731
ProfilePage,2022-09-07T22:59:23.000Z,JpgpicsCom,JPG Pics,"News aggregator for Photography, Design and infographics News",,1567648707415363586,42,6,23731
ProfilePage,2022-09-07T22:59:23.000Z,JpgpicsCom,JPG Pics,"News aggregator for Photography, Design and infographics News",,1567648707415363586,42,6,23731
ProfilePage,2022-09-07T22:59:23.000Z,JpgpicsCom,JPG Pics,"News aggregator for Photography, Design and infographics News",,1567648707415363586,42,6,23731
ProfilePage,2022-09-07T22:59:23.000Z,JpgpicsCom,JPG Pics,"News aggregator for Photography, Design and infographics News",,1567648707415363586,42,6,23731
ProfilePage,2022-09-07T22:59:23.000Z,JpgpicsCom,JPG Pics,"News aggregator for Photography, Design and infographics News",,1567648707415363586,42,6,23731
ProfilePage,2022-09-07T22:59:23.000Z,JpgpicsCom,JPG Pics,"News aggregator for Photography, Design and infographics News",,1567648707415363586,42,6,23731
ProfilePage,2022-09-07T22:59:23.000Z,JpgpicsCom,JPG Pics,"News aggregator for Photography, Design and infographics News",,1567648707415363586,42,6,23731
ProfilePage,2022-09-07T22:59:23.000Z,JpgpicsCom,JPG Pics,"News aggregator for Photography, Design and infographics News",,1567648707415363586,42,6,23731
ProfilePage,2022-09-07T22:59:23.000Z,JpgpicsCom,JPG Pics,"News aggregator for Photography, Design and infographics News",,1567648707415363586,42,6,23731
ProfilePage,2022-09-07T22:59:23.000Z,JpgpicsCom,JPG Pics,"News aggregator for Photography, Design and infographics News",,1567648707415363586,42,6,23731
ProfilePage,2022-09-07T22:59:23.000Z,JpgpicsCom,JPG Pics,"News aggregator for Photography, Design and infographics News",,1567648707415363586,42,6,23731
ProfilePage,2022-09-07T22:59:23.000Z,JpgpicsCom,JPG Pics,"News aggregator for Photography, Design and infographics News",,1567648707415363586,42,6,23731
ProfilePage,2022-09-07T22:59:23.000Z,JpgpicsCom,JPG Pics,"News aggregator for Photography, Design and infographics News",,1567648707415363586,42,6,23731
ProfilePage,2022-09-07T22:59:23.000Z,JpgpicsCom,JPG Pics,"News aggregator for Photography, Design and infographics News",,1567648707415363586,42,6,23731
ProfilePage,2022-09-07T22:59:23.000Z,JpgpicsCom,JPG Pics,"News aggregator for Photography, Design and infographics News",,1567648707415363586,42,6,23731
ProfilePage,2022-09-07T22:59:23.000Z,JpgpicsCom,JPG Pics,"News aggregator for Photography, Design and infographics News",,1567648707415363586,42,6,23731
ProfilePage,2022-09-07T22:59:23.000Z,JpgpicsCom,JPG Pics,"News aggregator for Photography, Design and infographics News",,1567648707415363586,42,6,23731
ProfilePage,2022-09-07T22:59:23.000Z,JpgpicsCom,JPG Pics,"News aggregator for Photography, Design and infographics News",,1567648707415363586,42,6,23731
ProfilePage,2022-09-07T22:59:23.000Z,JpgpicsCom,JPG Pics,"News aggregator for Photography, Design and infographics News",,1567648707415363586,42,6,23731
ProfilePage,2022-09-07T22:59:23.000Z,JpgpicsCom,JPG Pics,"News aggregator for Photography, Design and infographics News",,1567648707415363586,42,6,23731
ProfilePage,2022-09-07T22:59:23.000Z,JpgpicsCom,JPG Pics,"News aggregator for Photography, Design and infographics News",,1567648707415363586,42,6,23731
ProfilePage,2022-09-07T22:59:23.000Z,JpgpicsCom,JPG Pics,"News aggregator for Photography, Design and infographics News",,1567648707415363586,42,6,23731
ProfilePage,2022-09-07T22:59:23.000Z,JpgpicsCom,JPG Pics,"News aggregator for Photography, Design and infographics News",,1567648707415363586,42,6,23731
ProfilePage,2022-09-07T22:59:23.000Z,JpgpicsCom,JPG Pics,"News aggregator for Photography, Design and infographics News",,1567648707415363586,42,6,23731
ProfilePage,2022-09-07T22:59:23.000Z,JpgpicsCom,JPG Pics,"News aggregator for Photography, Design and infographics News",,1567648707415363586,42,6,23731
ProfilePage,2022-09-07T22:59:23.000Z,JpgpicsCom,JPG Pics,"News aggregator for Photography, Design and infographics News",,1567648707415363586,42,6,23731
ProfilePage,2022-09-07T22:59:23.000Z,JpgpicsCom,JPG Pics,"News aggregator for Photography, Design and infographics News",,1567648707415363586,42,6,23731
ProfilePage,2022-09-07T22:59:23.000Z,JpgpicsCom,JPG Pics,"News aggregator for Photography, Design and infographics News",,1567648707415363586,42,6,23731
ProfilePage,2022-09-07T22:59:23.000Z,JpgpicsCom,JPG Pics,"News aggregator for Photography, Design and infographics News",,1567648707415363586,42,6,23731
ProfilePage,2022-09-07T22:59:23.000Z,JpgpicsCom,JPG Pics,"News aggregator for Photography, Design and infographics News",,1567648707415363586,42,6,23731
ProfilePage,2022-09-07T22:59:23.000Z,JpgpicsCom,JPG Pics,"News aggregator for Photography, Design and infographics News",,1567648707415363586,42,6,23731
ProfilePage,2022-09-07T22:59:23.000Z,JpgpicsCom,JPG Pics,"News aggregator for Photography, Design and infographics News",,1567648707415363586,42,6,23731
ProfilePage,2022-09-07T22:59:23.000Z,JpgpicsCom,JPG Pics,"News aggregator for Photography, Design and infographics News",,1567648707415363586,42,6,23731
ProfilePage,2022-09-07T22:59:23.000Z,JpgpicsCom,JPG Pics,"News aggregator for Photography, Design and infographics News",,1567648707415363586,42,6,23731
ProfilePage,2022-09-07T22:59:23.000Z,JpgpicsCom,JPG Pics,"News aggregator for Photography, Design and infographics News",,1567648707415363586,42,6,23731
ProfilePage,2022-09-07T22:59:23.000Z,JpgpicsCom,JPG Pics,"News aggregator for Photography, Design and infographics News",,1567648707415363586,42,6,23731
ProfilePage,2022-09-07T22:59:23.000Z,JpgpicsCom,JPG Pics,"News aggregator for Photography, Design and infographics News",,1567648707415363586,42,6,23731
ProfilePage,2022-09-07T22:59:23.000Z,JpgpicsCom,JPG Pics,"News aggregator for Photography, Design and infographics News",,1567648707415363586,42,6,23731
ProfilePage,2022-09-07T22:59:23.000Z,JpgpicsCom,JPG Pics,"News aggregator for Photography, Design and infographics News",,1567648707415363586,42,6,23731
ProfilePage,2022-09-07T22:59:23.000Z,JpgpicsCom,JPG Pics,"News aggregator for Photography, Design and infographics News",,1567648707415363586,42,6,23731
ProfilePage,2022-09-07T22:59:23.000Z,JpgpicsCom,JPG Pics,"News aggregator for Photography, Design and infographics News",,1567648707415363586,42,6,23731
ProfilePage,2022-09-07T22:59:23.000Z,JpgpicsCom,JPG Pics,"News aggregator for Photography, Design and infographics News",,1567648707415363586,42,6,23731
ProfilePage,2022-09-07T22:59:23.000Z,JpgpicsCom,JPG Pics,"News aggregator for Photography, Design and infographics News",,1567648707415363586,42,6,23731
ProfilePage,2022-09-07T22:59:23.000Z,JpgpicsCom,JPG Pics,"News aggregator for Photography, Design and infographics News",,1567648707415363586,42,6,23731
ProfilePage,2022-09-07T22:59:23.000Z,JpgpicsCom,JPG Pics,"News aggregator for Photography, Design and infographics News",,1567648707415363586,42,6,23731
ProfilePage,2022-09-07T22:59:23.000Z,JpgpicsCom,JPG Pics,"News aggregator for Photography, Design and infographics News",,1567648707415363586,42,6,23731
ProfilePage,2022-09-07T22:59:23.000Z,JpgpicsCom,JPG Pics,"News aggregator for Photography, Design and infographics News",,1567648707415363586,42,6,23731
ProfilePage,2022-09-07T22:59:23.000Z,JpgpicsCom,JPG Pics,"News aggregator for Photography, Design and infographics News",,1567648707415363586,42,6,23731
ProfilePage,2022-09-07T22:59:23.000Z,JpgpicsCom,JPG Pics,"News aggregator for Photography, Design and infographics News",,1567648707415363586,42,6,23731
ProfilePage,2022-09-07T22:59:23.000Z,JpgpicsCom,JPG Pics,"News aggregator for Photography, Design and infographics News",,1567648707415363586,42,6,23731
ProfilePage,2022-09-07T22:59:23.000Z,JpgpicsCom,JPG Pics,"News aggregator for Photography, Design and infographics News",,1567648707415363586,42,6,23731
ProfilePage,2022-09-07T22:59:23.000Z,JpgpicsCom,JPG Pics,"News aggregator for Photography, Design and infographics News",,1567648707415363586,42,6,23731
ProfilePage,2022-09-07T22:59:23.000Z,JpgpicsCom,JPG Pics,"News aggregator for Photography, Design and infographics News",,1567648707415363586,42,6,23731
ProfilePage,2022-09-07T22:59:23.000Z,JpgpicsCom,JPG Pics,"News aggregator for Photography, Design and infographics News",,1567648707415363586,42,6,23731
ProfilePage,2022-09-07T22:59:23.000Z,JpgpicsCom,JPG Pics,"News aggregator for Photography, Design and infographics News",,1567648707415363586,42,6,23731
ProfilePage,2022-09-07T22:59:23.000Z,JpgpicsCom,JPG Pics,"News aggregator for Photography, Design and infographics News",,1567648707415363586,42,6,23731
ProfilePage,2022-09-07T22:59:23.000Z,JpgpicsCom,JPG Pics,"News aggregator for Photography, Design and infographics News",,1567648707415363586,42,6,23731
ProfilePage,2022-09-07T22:59:23.000Z,JpgpicsCom,JPG Pics,"News aggregator for Photography, Design and infographics News",,1567648707415363586,42,6,23731
ProfilePage,2022-09-07T22:59:23.000Z,JpgpicsCom,JPG Pics,"News aggregator for Photography, Design and infographics News",,1567648707415363586,42,6,23731
ProfilePage,2022-09-07T22:59:23.000Z,JpgpicsCom,JPG Pics,"News aggregator for Photography, Design and infographics News",,1567648707415363586,42,6,23731
ProfilePage,2022-09-07T22:59:23.000Z,JpgpicsCom,JPG Pics,"News aggregator for Photography, Design and infographics News",,1567648707415363586,42,6,23731
ProfilePage,2022-09-07T22:59:23.000Z,JpgpicsCom,JPG Pics,"News aggregator for Photography, Design and infographics News",,1567648707415363586,42,6,23731
ProfilePage,2022-09-07T22:59:23.000Z,JpgpicsCom,JPG Pics,"News aggregator for Photography, Design and infographics News",,1567648707415363586,42,6,23731
ProfilePage,2022-09-07T22:59:23.000Z,JpgpicsCom,JPG Pics,"News aggregator for Photography, Design and infographics News",,1567648707415363586,42,6,23731
ProfilePage,2022-09-07T22:59:23.000Z,JpgpicsCom,JPG Pics,"News aggregator for Photography, Design and infographics News",,1567648707415363586,42,6,23731
ProfilePage,2022-09-07T22:59:23.000Z,JpgpicsCom,JPG Pics,"News aggregator for Photography, Design and infographics News",,1567648707415363586,42,6,23731
ProfilePage,2022-09-07T22:59:23.000Z,JpgpicsCom,JPG Pics,"News aggregator for Photography, Design and infographics News",,1567648707415363586,42,6,23731
ProfilePage,2022-09-07T22:59:23.000Z,JpgpicsCom,JPG Pics,"News aggregator for Photography, Design and infographics News",,1567648707415363586,42,6,23731
ProfilePage,2022-09-07T22:59:23.000Z,JpgpicsCom,JPG Pics,"News aggregator for Photography, Design and infographics News",,1567648707415363586,42,6,23731
ProfilePage,2022-09-07T22:59:23.000Z,JpgpicsCom,JPG Pics,"News aggregator for Photography, Design and infographics News",,1567648707415363586,42,6,23731
ProfilePage,2022-09-07T22:59:23.000Z,JpgpicsCom,JPG Pics,"News aggregator for Photography, Design and infographics News",,1567648707415363586,42,6,23731
ProfilePage,2022-09-07T22:59:23.000Z,JpgpicsCom,JPG Pics,"News aggregator for Photography, Design and infographics News",,1567648707415363586,42,6,23731
ProfilePage,2022-09-07T22:59:23.000Z,JpgpicsCom,JPG Pics,"News aggregator for Photography, Design and infographics News",,1567648707415363586,42,6,23731
ProfilePage,2022-09-07T22:59:23.000Z,JpgpicsCom,JPG Pics,"News aggregator for Photography, Design and infographics News",,1567648707415363586,42,6,23731
ProfilePage,2022-09-07T22:59:23.000Z,JpgpicsCom,JPG Pics,"News aggregator for Photography, Design and infographics News",,1567648707415363586,42,6,23731
ProfilePage,2022-09-07T22:59:23.000Z,JpgpicsCom,JPG Pics,"News aggregator for Photography, Design and infographics News",,1567648707415363586,42,6,23731
ProfilePage,2022-09-07T22:59:23.000Z,JpgpicsCom,JPG Pics,"News aggregator for Photography, Design and infographics News",,1567648707415363586,42,6,23731
ProfilePage,2022-09-07T22:59:23.000Z,JpgpicsCom,JPG Pics,"News aggregator for Photography, Design and infographics News",,1567648707415363586,42,6,23731
ProfilePage,2022-09-07T22:59:23.000Z,JpgpicsCom,JPG Pics,"News aggregator for Photography, Design and infographics News",,1567648707415363586,42,6,23731
ProfilePage,2022-09-07T22:59:23.000Z,JpgpicsCom,JPG Pics,"News aggregator for Photography, Design and infographics News",,1567648707415363586,42,6,23731
ProfilePage,2022-09-07T22:59:23.000Z,JpgpicsCom,JPG Pics,"News aggregator for Photography, Design and infographics News",,1567648707415363586,42,6,23731
ProfilePage,2022-09-07T22:59:23.000Z,JpgpicsCom,JPG Pics,"News aggregator for Photography, Design and infographics News",,1567648707415363586,42,6,23731
ProfilePage,2022-09-07T22:59:23.000Z,JpgpicsCom,JPG Pics,"News aggregator for Photography, Design and infographics News",,1567648707415363586,42,6,23731
ProfilePage,2022-09-07T22:59:23.000Z,JpgpicsCom,JPG Pics,"News aggregator for Photography, Design and infographics News",,1567648707415363586,42,6,23731
ProfilePage,2022-09-07T22:59:23.000Z,JpgpicsCom,JPG Pics,"News aggregator for Photography, Design and infographics News",,1567648707415363586,42,6,23731
ProfilePage,2022-09-07T22:59:23.000Z,JpgpicsCom,JPG Pics,"News aggregator for Photography, Design and infographics News",,1567648707415363586,42,6,23731
ProfilePage,2022-09-07T22:59:23.000Z,JpgpicsCom,JPG Pics,"News aggregator for Photography, Design and infographics News",,1567648707415363586,42,6,23731
ProfilePage,2022-09-07T22:59:23.000Z,JpgpicsCom,JPG Pics,"News aggregator for Photography, Design and infographics News",,1567648707415363586,42,6,23731
ProfilePage,2022-09-07T22:59:23.000Z,JpgpicsCom,JPG Pics,"News aggregator for Photography, Design and infographics News",,1567648707415363586,42,6,23731
ProfilePage,2022-09-07T22:59:23.000Z,JpgpicsCom,JPG Pics,"News aggregator for Photography, Design and infographics News",,1567648707415363586,42,6,23731
ProfilePage,2022-09-07T22:59:23.000Z,JpgpicsCom,JPG Pics,"News aggregator for Photography, Design and infographics News",,1567648707415363586,42,6,23731
ProfilePage,2022-09-07T22:59:23.000Z,JpgpicsCom,JPG Pics,"News aggregator for Photography, Design and infographics News",,1567648707415363586,42,6,23731
ProfilePage,2022-09-07T22:59:23.000Z,JpgpicsCom,JPG Pics,"News aggregator for Photography, Design and infographics News",,1567648707415363586,42,6,23731
ProfilePage,2022-09-07T22:59:23.000Z,JpgpicsCom,JPG Pics,"News aggregator for Photography, Design and infographics News",,1567648707415363586,42,6,23731
ProfilePage,2022-09-07T22:59:23.000Z,JpgpicsCom,JPG Pics,"News aggregator for Photography, Design and infographics News",,1567648707415363586,42,6,23731
ProfilePage,2022-09-07T22:59:23.000Z,JpgpicsCom,JPG Pics,"News aggregator for Photography, Design and infographics News",,1567648707415363586,42,6,23731
ProfilePage,2022-09-07T22:59:23.000Z,JpgpicsCom,JPG Pics,"News aggregator for Photography, Design and infographics News",,1567648707415363586,42,6,23731
ProfilePage,2022-09-07T22:59:23.000Z,JpgpicsCom,JPG Pics,"News aggregator for Photography, Design and infographics News",,1567648707415363586,42,6,23731
ProfilePage,2022-09-07T22:59:23.000Z,JpgpicsCom,JPG Pics,"News aggregator for Photography, Design and infographics News",,1567648707415363586,42,6,23731
ProfilePage,2022-09-07T22:59:23.000Z,JpgpicsCom,JPG Pics,"News aggregator for Photography, Design and infographics News",,1567648707415363586,42,6,23731
ProfilePage,2022-09-07T22:59:23.000Z,JpgpicsCom,JPG Pics,"News aggregator for Photography, Design and infographics News",,1567648707415363586,42,6,23731
ProfilePage,2022-09-07T22:59:23.000Z,JpgpicsCom,JPG Pics,"News aggregator for Photography, Design and infographics News",,1567648707415363586,42,6,23731
ProfilePage,2022-09-07T22:59:23.000Z,JpgpicsCom,JPG Pics,"News aggregator for Photography, Design and infographics News",,1567648707415363586,42,6,23731
ProfilePage,2022-09-07T22:59:23.000Z,JpgpicsCom,JPG Pics,"News aggregator for Photography, Design and infographics News",,1567648707415363586,42,6,23731
ProfilePage,2022-09-07T22:59:23.000Z,JpgpicsCom,JPG Pics,"News aggregator for Photography, Design and infographics News",,1567648707415363586,42,6,23731
ProfilePage,2022-09-07T22:59:23.000Z,JpgpicsCom,JPG Pics,"News aggregator for Photography, Design and infographics News",,1567648707415363586,42,6,23731
ProfilePage,2022-09-07T22:59:23.000Z,JpgpicsCom,JPG Pics,"News aggregator for Photography, Design and infographics News",,1567648707415363586,42,6,23731
ProfilePage,2022-09-07T22:59:23.000Z,JpgpicsCom,JPG Pics,"News aggregator for Photography, Design and infographics News",,1567648707415363586,42,6,23731
ProfilePage,2022-09-07T22:59:23.000Z,JpgpicsCom,JPG Pics,"News aggregator for Photography, Design and infographics News",,1567648707415363586,42,6,23731
ProfilePage,2022-09-07T22:59:23.000Z,JpgpicsCom,JPG Pics,"News aggregator for Photography, Design and infographics News",,1567648707415363586,42,6,23731
ProfilePage,2022-09-07T22:59:23.000Z,JpgpicsCom,JPG Pics,"News aggregator for Photography, Design and infographics News",,1567648707415363586,42,6,23731
ProfilePage,2022-09-07T22:59:23.000Z,JpgpicsCom,JPG Pics,"News aggregator for Photography, Design and infographics News",,1567648707415363586,42,6,23731
ProfilePage,2022-09-07T22:59:23.000Z,JpgpicsCom,JPG Pics,"News aggregator for Photography, Design and infographics News",,1567648707415363586,42,6,23731
ProfilePage,2022-09-07T22:59:23.000Z,JpgpicsCom,JPG Pics,"News aggregator for Photography, Design and infographics News",,1567648707415363586,42,6,23731
ProfilePage,2022-09-07T22:59:23.000Z,JpgpicsCom,JPG Pics,"News aggregator for Photography, Design and infographics News",,1567648707415363586,42,6,23731
ProfilePage,2022-09-07T22:59:23.000Z,JpgpicsCom,JPG Pics,"News aggregator for Photography, Design and infographics News",,1567648707415363586,42,6,23731
ProfilePage,2022-09-07T22:59:23.000Z,JpgpicsCom,JPG Pics,"News aggregator for Photography, Design and infographics News",,1567648707415363586,42,6,23731
ProfilePage,2022-09-07T22:59:23.000Z,JpgpicsCom,JPG Pics,"News aggregator for Photography, Design and infographics News",,1567648707415363586,42,6,23731
ProfilePage,2022-09-07T22:59:23.000Z,JpgpicsCom,JPG Pics,"News aggregator for Photography, Design and infographics News",,1567648707415363586,42,6,23731
ProfilePage,2022-09-07T22:59:23.000Z,JpgpicsCom,JPG Pics,"News aggregator for Photography, Design and infographics News",,1567648707415363586,42,6,23731
ProfilePage,2022-09-07T22:59:23.000Z,JpgpicsCom,JPG Pics,"News aggregator for Photography, Design and infographics News",,1567648707415363586,42,6,23731
ProfilePage,2022-09-07T22:59:23.000Z,JpgpicsCom,JPG Pics,"News aggregator for Photography, Design and infographics News",,1567648707415363586,42,6,23731
ProfilePage,2022-09-07T22:59:23.000Z,JpgpicsCom,JPG Pics,"News aggregator for Photography, Design and infographics News",,1567648707415363586,42,6,23731
ProfilePage,2022-09-07T22:59:23.000Z,JpgpicsCom,JPG Pics,"News aggregator for Photography, Design and infographics News",,1567648707415363586,42,6,23731
ProfilePage,2022-09-07T22:59:23.000Z,JpgpicsCom,JPG Pics,"News aggregator for Photography, Design and infographics News",,1567648707415363586,42,6,23731
ProfilePage,2022-09-07T22:59:23.000Z,JpgpicsCom,JPG Pics,"News aggregator for Photography, Design and infographics News",,1567648707415363586,42,6,23731
ProfilePage,2022-09-07T22:59:23.000Z,JpgpicsCom,JPG Pics,"News aggregator for Photography, Design and infographics News",,1567648707415363586,42,6,23731
ProfilePage,2022-09-07T22:59:23.000Z,JpgpicsCom,JPG Pics,"News aggregator for Photography, Design and infographics News",,1567648707415363586,42,6,23731
ProfilePage,2022-09-07T22:59:23.000Z,JpgpicsCom,JPG Pics,"News aggregator for Photography, Design and infographics News",,1567648707415363586,42,6,23731
ProfilePage,2022-09-07T22:59:23.000Z,JpgpicsCom,JPG Pics,"News aggregator for Photography, Design and infographics News",,1567648707415363586,42,6,23731
ProfilePage,2022-09-07T22:59:23.000Z,JpgpicsCom,JPG Pics,"News aggregator for Photography, Design and infographics News",,1567648707415363586,42,6,23731
ProfilePage,2022-09-07T22:59:23.000Z,JpgpicsCom,JPG Pics,"News aggregator for Photography, Design and infographics News",,1567648707415363586,42,6,23731
ProfilePage,2022-09-07T22:59:23.000Z,JpgpicsCom,JPG Pics,"News aggregator for Photography, Design and infographics News",,1567648707415363586,42,6,23731
ProfilePage,2022-09-07T22:59:23.000Z,JpgpicsCom,JPG Pics,"News aggregator for Photography, Design and infographics News",,1567648707415363586,42,6,23731
ProfilePage,2022-09-07T22:59:23.000Z,JpgpicsCom,JPG Pics,"News aggregator for Photography, Design and infographics News",,1567648707415363586,42,6,23731
ProfilePage,2022-09-07T22:59:23.000Z,JpgpicsCom,JPG Pics,"News aggregator for Photography, Design and infographics News",,1567648707415363586,42,6,23731
ProfilePage,2022-09-07T22:59:23.000Z,JpgpicsCom,JPG Pics,"News aggregator for Photography, Design and infographics News",,1567648707415363586,42,6,23731
ProfilePage,2022-09-07T22:59:23.000Z,JpgpicsCom,JPG Pics,"News aggregator for Photography, Design and infographics News",,1567648707415363586,42,6,23731
ProfilePage,2022-09-07T22:59:23.000Z,JpgpicsCom,JPG Pics,"News aggregator for Photography, Design and infographics News",,1567648707415363586,42,6,23731
ProfilePage,2022-09-07T22:59:23.000Z,JpgpicsCom,JPG Pics,"News aggregator for Photography, Design and infographics News",,1567648707415363586,42,6,23731
ProfilePage,2022-09-07T22:59:23.000Z,JpgpicsCom,JPG Pics,"News aggregator for Photography, Design and infographics News",,1567648707415363586,42,6,23731
ProfilePage,2022-09-07T22:59:23.000Z,JpgpicsCom,JPG Pics,"News aggregator for Photography, Design and infographics News",,1567648707415363586,42,6,23731
ProfilePage,2022-09-07T22:59:23.000Z,JpgpicsCom,JPG Pics,"News aggregator for Photography, Design and infographics News",,1567648707415363586,42,6,23731
ProfilePage,2022-09-07T22:59:23.000Z,JpgpicsCom,JPG Pics,"News aggregator for Photography, Design and infographics News",,1567648707415363586,42,6,23731
ProfilePage,2022-09-07T22:59:23.000Z,JpgpicsCom,JPG Pics,"News aggregator for Photography, Design and infographics News",,1567648707415363586,42,6,23731
ProfilePage,2022-09-07T22:59:23.000Z,JpgpicsCom,JPG Pics,"News aggregator for Photography, Design and infographics News",,1567648707415363586,42,6,23731
